filename,link,study,type
SC4001E0-PSG.edf,https://physionet.org/content/sleep-edfx/1.0.0/sleep-cassette/SC4001E0-PSG.edf,sc,psg
SC4001EC-Hypnogram.edf,https://physionet.org/content/sleep-edfx/1.0.0/sleep-cassette/SC4001EC-Hypnogram.edf,sc,hypnogram
SC4002E0-PSG.edf,https://physionet.org/content/sleep-edfx/1.0.0/sleep-cassette/SC4002E0-PSG.edf,sc,psg
SC4002EC-Hypnogram.edf,https://physionet.org/content/sleep-edfx/1.0.0/sleep-cassette/SC4002EC-Hypnogram.edf,sc,hypnogram
SC4011E0-PSG.edf,https://physionet.org/content/sleep-edfx/1.0.0/sleep-cassette/SC4011E0-PSG.edf,sc,psg
SC4011EH-Hypnogram.edf,https://physionet.org/content/sleep-edfx/1.0.0/sleep-cassette/SC4011EH-Hypnogram.edf,sc,hypnogram
SC4012E0-PSG.edf,https://physionet.org/content/sleep-edfx/1.0.0/sleep-cassette/SC4012E0-PSG.edf,sc,psg
SC4012EC-Hypnogram.edf,https://physionet.org/content/sleep-edfx/1.0.0/sleep-cassette/SC4012EC-Hypnogram.edf,sc,hypnogram
SC4021E0-PSG.edf,https://physionet.org/content/sleep-edfx/1.0.0/sleep-cassette/SC4021E0-PSG.edf,sc,psg
SC4021EH-Hypnogram.edf,https://physionet.org/content/sleep-edfx/1.0.0/sleep-cassette/SC4021EH-Hypnogram.edf,sc,hypnogram
SC4022E0-PSG.edf,https://physionet.org/content/sleep-edfx/1.0.0/sleep-cassette/SC4022E0-PSG.edf,sc,psg
SC4022EJ-Hypnogram.edf,https://physionet.org/content/sleep-edfx/1.0.0/sleep-cassette/SC4022EJ-Hypnogram.edf,sc,hypnogram
SC4031E0-PSG.edf,https://physionet.org/content/sleep-edfx/1.0.0/sleep-cassette/SC4031E0-PSG.edf,sc,psg
SC4031EC-Hypnogram.edf,https://physionet.org/content/sleep-edfx/1.0.0/sleep-cassette/SC4031EC-Hypnogram.edf,sc,hypnogram
SC4032E0-PSG.edf,https://physionet.org/content/sleep-edfx/1.0.0/sleep-cassette/SC4032E0-PSG.edf,sc,psg
SC4032EP-Hypnogram.edf,https://physionet.org/content/sleep-edfx/1.0.0/sleep-cassette/SC4032EP-Hypnogram.edf,sc,hypnogram
SC4041E0-PSG.edf,https://physionet.org/content/sleep-edfx/1.0.0/sleep-cassette/SC4041E0-PSG.edf,sc,psg
SC4041EC-Hypnogram.edf,https://physionet.org/content/sleep-edfx/1.0.0/sleep-cassette/SC4041EC-Hypnogram.edf,sc,hypnogram
SC4042E0-PSG.edf,https://physionet.org/content/sleep-edfx/1.0.0/sleep-cassette/SC4042E0-PSG.edf,sc,psg
SC4042EC-Hypnogram.edf,https://physionet.org/content/sleep-edfx/1.0.0/sleep-cassette/SC4042EC-Hypnogram.edf,sc,hypnogram
SC4051E0-PSG.edf,https://physionet.org/content/sleep-edfx/1.0.0/sleep-cassette/SC4051E0-PSG.edf,sc,psg
SC4051EC-Hypnogram.edf,https://physionet.org/content/sleep-edfx/1.0.0/sleep-cassette/SC4051EC-Hypnogram.edf,sc,hypnogram
SC4052E0-PSG.edf,https://physionet.org/content/sleep-edfx/1.0.0/sleep-cassette/SC4052E0-PSG.edf,sc,psg
SC4052EC-Hypnogram.edf,https://physionet.org/content/sleep-edfx/1.0.0/sleep-cassette/SC4052EC-Hypnogram.edf,sc,hypnogram
SC4061E0-PSG.edf,https://physionet.org/content/sleep-edfx/1.0.0/sleep-cassette/SC4061E0-PSG.edf,sc,psg
SC4061EC-Hypnogram.edf,https://physionet.org/content/sleep-edfx/1.0.0/sleep-cassette/SC4061EC-Hypnogram.edf,sc,hypnogram
SC4062E0-PSG.edf,https://physionet.org/content/sleep-edfx/1.0.0/sleep-cassette/SC4062E0-PSG.edf,sc,psg
SC4062EC-Hypnogram.edf,https://physionet.org/content/sleep-edfx/1.0.0/sleep-cassette/SC4062EC-Hypnogram.edf,sc,hypnogram
SC4071E0-PSG.edf,https://physionet.org/content/sleep-edfx/1.0.0/sleep-cassette/SC4071E0-PSG.edf,sc,psg
SC4071EC-Hypnogram.edf,https://physionet.org/content/sleep-edfx/1.0.0/sleep-cassette/SC4071EC-Hypnogram.edf,sc,hypnogram
SC4072E0-PSG.edf,https://physionet.org/content/sleep-edfx/1.0.0/sleep-cassette/SC4072E0-PSG.edf,sc,psg
SC4072EH-Hypnogram.edf,https://physionet.org/content/sleep-edfx/1.0.0/sleep-cassette/SC4072EH-Hypnogram.edf,sc,hypnogram
SC4081E0-PSG.edf,https://physionet.org/content/sleep-edfx/1.0.0/sleep-cassette/SC4081E0-PSG.edf,sc,psg
SC4081EC-Hypnogram.edf,https://physionet.org/content/sleep-edfx/1.0.0/sleep-cassette/SC4081EC-Hypnogram.edf,sc,hypnogram
SC4082E0-PSG.edf,https://physionet.org/content/sleep-edfx/1.0.0/sleep-cassette/SC4082E0-PSG.edf,sc,psg
SC4082EP-Hypnogram.edf,https://physionet.org/content/sleep-edfx/1.0.0/sleep-cassette/SC4082EP-Hypnogram.edf,sc,hypnogram
SC4091E0-PSG.edf,https://physionet.org/content/sleep-edfx/1.0.0/sleep-cassette/SC4091E0-PSG.edf,sc,psg
SC4091EC-Hypnogram.edf,https://physionet.org/content/sleep-edfx/1.0.0/sleep-cassette/SC4091EC-Hypnogram.edf,sc,hypnogram
SC4092E0-PSG.edf,https://physionet.org/content/sleep-edfx/1.0.0/sleep-cassette/SC4092E0-PSG.edf,sc,psg
SC4092EC-Hypnogram.edf,https://physionet.org/content/sleep-edfx/1.0.0/sleep-cassette/SC4092EC-Hypnogram.edf,sc,hypnogram
SC4101E0-PSG.edf,https://physionet.org/content/sleep-edfx/1.0.0/sleep-cassette/SC4101E0-PSG.edf,sc,psg
SC4101EC-Hypnogram.edf,https://physionet.org/content/sleep-edfx/1.0.0/sleep-cassette/SC4101EC-Hypnogram.edf,sc,hypnogram
SC4102E0-PSG.edf,https://physionet.org/content/sleep-edfx/1.0.0/sleep-cassette/SC4102E0-PSG.edf,sc,psg
SC4102EC-Hypnogram.edf,https://physionet.org/content/sleep-edfx/1.0.0/sleep-cassette/SC4102EC-Hypnogram.edf,sc,hypnogram
SC4111E0-PSG.edf,https://physionet.org/content/sleep-edfx/1.0.0/sleep-cassette/SC4111E0-PSG.edf,sc,psg
SC4111EC-Hypnogram.edf,https://physionet.org/content/sleep-edfx/1.0.0/sleep-cassette/SC4111EC-Hypnogram.edf,sc,hypnogram
SC4112E0-PSG.edf,https://physionet.org/content/sleep-edfx/1.0.0/sleep-cassette/SC4112E0-PSG.edf,sc,psg
SC4112EC-Hypnogram.edf,https://physionet.org/content/sleep-edfx/1.0.0/sleep-cassette/SC4112EC-Hypnogram.edf,sc,hypnogram
SC4121E0-PSG.edf,https://physionet.org/content/sleep-edfx/1.0.0/sleep-cassette/SC4121E0-PSG.edf,sc,psg
SC4121EC-Hypnogram.edf,https://physionet.org/content/sleep-edfx/1.0.0/sleep-cassette/SC4121EC-Hypnogram.edf,sc,hypnogram
SC4122E0-PSG.edf,https://physionet.org/content/sleep-edfx/1.0.0/sleep-cassette/SC4122E0-PSG.edf,sc,psg
SC4122EV-Hypnogram.edf,https://physionet.org/content/sleep-edfx/1.0.0/sleep-cassette/SC4122EV-Hypnogram.edf,sc,hypnogram
SC4131E0-PSG.edf,https://physionet.org/content/sleep-edfx/1.0.0/sleep-cassette/SC4131E0-PSG.edf,sc,psg
SC4131EC-Hypnogram.edf,https://physionet.org/content/sleep-edfx/1.0.0/sleep-cassette/SC4131EC-Hypnogram.edf,sc,hypnogram
SC4141E0-PSG.edf,https://physionet.org/content/sleep-edfx/1.0.0/sleep-cassette/SC4141E0-PSG.edf,sc,psg
SC4141EU-Hypnogram.edf,https://physionet.org/content/sleep-edfx/1.0.0/sleep-cassette/SC4141EU-Hypnogram.edf,sc,hypnogram
SC4142E0-PSG.edf,https://physionet.org/content/sleep-edfx/1.0.0/sleep-cassette/SC4142E0-PSG.edf,sc,psg
SC4142EU-Hypnogram.edf,https://physionet.org/content/sleep-edfx/1.0.0/sleep-cassette/SC4142EU-Hypnogram.edf,sc,hypnogram
SC4151E0-PSG.edf,https://physionet.org/content/sleep-edfx/1.0.0/sleep-cassette/SC4151E0-PSG.edf,sc,psg
SC4151EC-Hypnogram.edf,https://physionet.org/content/sleep-edfx/1.0.0/sleep-cassette/SC4151EC-Hypnogram.edf,sc,hypnogram
SC4152E0-PSG.edf,https://physionet.org/content/sleep-edfx/1.0.0/sleep-cassette/SC4152E0-PSG.edf,sc,psg
SC4152EC-Hypnogram.edf,https://physionet.org/content/sleep-edfx/1.0.0/sleep-cassette/SC4152EC-Hypnogram.edf,sc,hypnogram
SC4161E0-PSG.edf,https://physionet.org/content/sleep-edfx/1.0.0/sleep-cassette/SC4161E0-PSG.edf,sc,psg
SC4161EC-Hypnogram.edf,https://physionet.org/content/sleep-edfx/1.0.0/sleep-cassette/SC4161EC-Hypnogram.edf,sc,hypnogram
SC4162E0-PSG.edf,https://physionet.org/content/sleep-edfx/1.0.0/sleep-cassette/SC4162E0-PSG.edf,sc,psg
SC4162EC-Hypnogram.edf,https://physionet.org/content/sleep-edfx/1.0.0/sleep-cassette/SC4162EC-Hypnogram.edf,sc,hypnogram
SC4171E0-PSG.edf,https://physionet.org/content/sleep-edfx/1.0.0/sleep-cassette/SC4171E0-PSG.edf,sc,psg
SC4171EU-Hypnogram.edf,https://physionet.org/content/sleep-edfx/1.0.0/sleep-cassette/SC4171EU-Hypnogram.edf,sc,hypnogram
SC4172E0-PSG.edf,https://physionet.org/content/sleep-edfx/1.0.0/sleep-cassette/SC4172E0-PSG.edf,sc,psg
SC4172EC-Hypnogram.edf,https://physionet.org/content/sleep-edfx/1.0.0/sleep-cassette/SC4172EC-Hypnogram.edf,sc,hypnogram
SC4181E0-PSG.edf,https://physionet.org/content/sleep-edfx/1.0.0/sleep-cassette/SC4181E0-PSG.edf,sc,psg
SC4181EC-Hypnogram.edf,https://physionet.org/content/sleep-edfx/1.0.0/sleep-cassette/SC4181EC-Hypnogram.edf,sc,hypnogram
SC4182E0-PSG.edf,https://physionet.org/content/sleep-edfx/1.0.0/sleep-cassette/SC4182E0-PSG.edf,sc,psg
SC4182EC-Hypnogram.edf,https://physionet.org/content/sleep-edfx/1.0.0/sleep-cassette/SC4182EC-Hypnogram.edf,sc,hypnogram
SC4191E0-PSG.edf,https://physionet.org/content/sleep-edfx/1.0.0/sleep-cassette/SC4191E0-PSG.edf,sc,psg
SC4191EP-Hypnogram.edf,https://physionet.org/content/sleep-edfx/1.0.0/sleep-cassette/SC4191EP-Hypnogram.edf,sc,hypnogram
SC4192E0-PSG.edf,https://physionet.org/content/sleep-edfx/1.0.0/sleep-cassette/SC4192E0-PSG.edf,sc,psg
SC4192EV-Hypnogram.edf,https://physionet.org/content/sleep-edfx/1.0.0/sleep-cassette/SC4192EV-Hypnogram.edf,sc,hypnogram
SC4201E0-PSG.edf,https://physionet.org/content/sleep-edfx/1.0.0/sleep-cassette/SC4201E0-PSG.edf,sc,psg
SC4201EC-Hypnogram.edf,https://physionet.org/content/sleep-edfx/1.0.0/sleep-cassette/SC4201EC-Hypnogram.edf,sc,hypnogram
SC4202E0-PSG.edf,https://physionet.org/content/sleep-edfx/1.0.0/sleep-cassette/SC4202E0-PSG.edf,sc,psg
SC4202EC-Hypnogram.edf,https://physionet.org/content/sleep-edfx/1.0.0/sleep-cassette/SC4202EC-Hypnogram.edf,sc,hypnogram
SC4211E0-PSG.edf,https://physionet.org/content/sleep-edfx/1.0.0/sleep-cassette/SC4211E0-PSG.edf,sc,psg
SC4211EC-Hypnogram.edf,https://physionet.org/content/sleep-edfx/1.0.0/sleep-cassette/SC4211EC-Hypnogram.edf,sc,hypnogram
SC4212E0-PSG.edf,https://physionet.org/content/sleep-edfx/1.0.0/sleep-cassette/SC4212E0-PSG.edf,sc,psg
SC4212EC-Hypnogram.edf,https://physionet.org/content/sleep-edfx/1.0.0/sleep-cassette/SC4212EC-Hypnogram.edf,sc,hypnogram
SC4221E0-PSG.edf,https://physionet.org/content/sleep-edfx/1.0.0/sleep-cassette/SC4221E0-PSG.edf,sc,psg
SC4221EJ-Hypnogram.edf,https://physionet.org/content/sleep-edfx/1.0.0/sleep-cassette/SC4221EJ-Hypnogram.edf,sc,hypnogram
SC4222E0-PSG.edf,https://physionet.org/content/sleep-edfx/1.0.0/sleep-cassette/SC4222E0-PSG.edf,sc,psg
SC4222EC-Hypnogram.edf,https://physionet.org/content/sleep-edfx/1.0.0/sleep-cassette/SC4222EC-Hypnogram.edf,sc,hypnogram
SC4231E0-PSG.edf,https://physionet.org/content/sleep-edfx/1.0.0/sleep-cassette/SC4231E0-PSG.edf,sc,psg
SC4231EJ-Hypnogram.edf,https://physionet.org/content/sleep-edfx/1.0.0/sleep-cassette/SC4231EJ-Hypnogram.edf,sc,hypnogram
SC4232E0-PSG.edf,https://physionet.org/content/sleep-edfx/1.0.0/sleep-cassette/SC4232E0-PSG.edf,sc,psg
SC4232EV-Hypnogram.edf,https://physionet.org/content/sleep-edfx/1.0.0/sleep-cassette/SC4232EV-Hypnogram.edf,sc,hypnogram
SC4241E0-PSG.edf,https://physionet.org/content/sleep-edfx/1.0.0/sleep-cassette/SC4241E0-PSG.edf,sc,psg
SC4241EC-Hypnogram.edf,https://physionet.org/content/sleep-edfx/1.0.0/sleep-cassette/SC4241EC-Hypnogram.edf,sc,hypnogram
SC4242E0-PSG.edf,https://physionet.org/content/sleep-edfx/1.0.0/sleep-cassette/SC4242E0-PSG.edf,sc,psg
SC4242EA-Hypnogram.edf,https://physionet.org/content/sleep-edfx/1.0.0/sleep-cassette/SC4242EA-Hypnogram.edf,sc,hypnogram
SC4251E0-PSG.edf,https://physionet.org/content/sleep-edfx/1.0.0/sleep-cassette/SC4251E0-PSG.edf,sc,psg
SC4251EP-Hypnogram.edf,https://physionet.org/content/sleep-edfx/1.0.0/sleep-cassette/SC4251EP-Hypnogram.edf,sc,hypnogram
SC4252E0-PSG.edf,https://physionet.org/content/sleep-edfx/1.0.0/sleep-cassette/SC4252E0-PSG.edf,sc,psg
SC4252EU-Hypnogram.edf,https://physionet.org/content/sleep-edfx/1.0.0/sleep-cassette/SC4252EU-Hypnogram.edf,sc,hypnogram
SC4261F0-PSG.edf,https://physionet.org/content/sleep-edfx/1.0.0/sleep-cassette/SC4261F0-PSG.edf,sc,psg
SC4261FM-Hypnogram.edf,https://physionet.org/content/sleep-edfx/1.0.0/sleep-cassette/SC4261FM-Hypnogram.edf,sc,hypnogram
SC4262F0-PSG.edf,https://physionet.org/content/sleep-edfx/1.0.0/sleep-cassette/SC4262F0-PSG.edf,sc,psg
SC4262FC-Hypnogram.edf,https://physionet.org/content/sleep-edfx/1.0.0/sleep-cassette/SC4262FC-Hypnogram.edf,sc,hypnogram
SC4271F0-PSG.edf,https://physionet.org/content/sleep-edfx/1.0.0/sleep-cassette/SC4271F0-PSG.edf,sc,psg
SC4271FC-Hypnogram.edf,https://physionet.org/content/sleep-edfx/1.0.0/sleep-cassette/SC4271FC-Hypnogram.edf,sc,hypnogram
SC4272F0-PSG.edf,https://physionet.org/content/sleep-edfx/1.0.0/sleep-cassette/SC4272F0-PSG.edf,sc,psg
SC4272FM-Hypnogram.edf,https://physionet.org/content/sleep-edfx/1.0.0/sleep-cassette/SC4272FM-Hypnogram.edf,sc,hypnogram
SC4281G0-PSG.edf,https://physionet.org/content/sleep-edfx/1.0.0/sleep-cassette/SC4281G0-PSG.edf,sc,psg
SC4281GC-Hypnogram.edf,https://physionet.org/content/sleep-edfx/1.0.0/sleep-cassette/SC4281GC-Hypnogram.edf,sc,hypnogram
SC4282G0-PSG.edf,https://physionet.org/content/sleep-edfx/1.0.0/sleep-cassette/SC4282G0-PSG.edf,sc,psg
SC4282GC-Hypnogram.edf,https://physionet.org/content/sleep-edfx/1.0.0/sleep-cassette/SC4282GC-Hypnogram.edf,sc,hypnogram
SC4291G0-PSG.edf,https://physionet.org/content/sleep-edfx/1.0.0/sleep-cassette/SC4291G0-PSG.edf,sc,psg
SC4291GA-Hypnogram.edf,https://physionet.org/content/sleep-edfx/1.0.0/sleep-cassette/SC4291GA-Hypnogram.edf,sc,hypnogram
SC4292G0-PSG.edf,https://physionet.org/content/sleep-edfx/1.0.0/sleep-cassette/SC4292G0-PSG.edf,sc,psg
SC4292GC-Hypnogram.edf,https://physionet.org/content/sleep-edfx/1.0.0/sleep-cassette/SC4292GC-Hypnogram.edf,sc,hypnogram
SC4301E0-PSG.edf,https://physionet.org/content/sleep-edfx/1.0.0/sleep-cassette/SC4301E0-PSG.edf,sc,psg
SC4301EC-Hypnogram.edf,https://physionet.org/content/sleep-edfx/1.0.0/sleep-cassette/SC4301EC-Hypnogram.edf,sc,hypnogram
SC4302E0-PSG.edf,https://physionet.org/content/sleep-edfx/1.0.0/sleep-cassette/SC4302E0-PSG.edf,sc,psg
SC4302EV-Hypnogram.edf,https://physionet.org/content/sleep-edfx/1.0.0/sleep-cassette/SC4302EV-Hypnogram.edf,sc,hypnogram
SC4311E0-PSG.edf,https://physionet.org/content/sleep-edfx/1.0.0/sleep-cassette/SC4311E0-PSG.edf,sc,psg
SC4311EC-Hypnogram.edf,https://physionet.org/content/sleep-edfx/1.0.0/sleep-cassette/SC4311EC-Hypnogram.edf,sc,hypnogram
SC4312E0-PSG.edf,https://physionet.org/content/sleep-edfx/1.0.0/sleep-cassette/SC4312E0-PSG.edf,sc,psg
SC4312EM-Hypnogram.edf,https://physionet.org/content/sleep-edfx/1.0.0/sleep-cassette/SC4312EM-Hypnogram.edf,sc,hypnogram
SC4321E0-PSG.edf,https://physionet.org/content/sleep-edfx/1.0.0/sleep-cassette/SC4321E0-PSG.edf,sc,psg
SC4321EC-Hypnogram.edf,https://physionet.org/content/sleep-edfx/1.0.0/sleep-cassette/SC4321EC-Hypnogram.edf,sc,hypnogram
SC4322E0-PSG.edf,https://physionet.org/content/sleep-edfx/1.0.0/sleep-cassette/SC4322E0-PSG.edf,sc,psg
SC4322EC-Hypnogram.edf,https://physionet.org/content/sleep-edfx/1.0.0/sleep-cassette/SC4322EC-Hypnogram.edf,sc,hypnogram
SC4331F0-PSG.edf,https://physionet.org/content/sleep-edfx/1.0.0/sleep-cassette/SC4331F0-PSG.edf,sc,psg
SC4331FV-Hypnogram.edf,https://physionet.org/content/sleep-edfx/1.0.0/sleep-cassette/SC4331FV-Hypnogram.edf,sc,hypnogram
SC4332F0-PSG.edf,https://physionet.org/content/sleep-edfx/1.0.0/sleep-cassette/SC4332F0-PSG.edf,sc,psg
SC4332FC-Hypnogram.edf,https://physionet.org/content/sleep-edfx/1.0.0/sleep-cassette/SC4332FC-Hypnogram.edf,sc,hypnogram
SC4341F0-PSG.edf,https://physionet.org/content/sleep-edfx/1.0.0/sleep-cassette/SC4341F0-PSG.edf,sc,psg
SC4341FA-Hypnogram.edf,https://physionet.org/content/sleep-edfx/1.0.0/sleep-cassette/SC4341FA-Hypnogram.edf,sc,hypnogram
SC4342F0-PSG.edf,https://physionet.org/content/sleep-edfx/1.0.0/sleep-cassette/SC4342F0-PSG.edf,sc,psg
SC4342FA-Hypnogram.edf,https://physionet.org/content/sleep-edfx/1.0.0/sleep-cassette/SC4342FA-Hypnogram.edf,sc,hypnogram
SC4351F0-PSG.edf,https://physionet.org/content/sleep-edfx/1.0.0/sleep-cassette/SC4351F0-PSG.edf,sc,psg
SC4351FA-Hypnogram.edf,https://physionet.org/content/sleep-edfx/1.0.0/sleep-cassette/SC4351FA-Hypnogram.edf,sc,hypnogram
SC4352F0-PSG.edf,https://physionet.org/content/sleep-edfx/1.0.0/sleep-cassette/SC4352F0-PSG.edf,sc,psg
SC4352FV-Hypnogram.edf,https://physionet.org/content/sleep-edfx/1.0.0/sleep-cassette/SC4352FV-Hypnogram.edf,sc,hypnogram
SC4362F0-PSG.edf,https://physionet.org/content/sleep-edfx/1.0.0/sleep-cassette/SC4362F0-PSG.edf,sc,psg
SC4362FC-Hypnogram.edf,https://physionet.org/content/sleep-edfx/1.0.0/sleep-cassette/SC4362FC-Hypnogram.edf,sc,hypnogram
SC4371F0-PSG.edf,https://physionet.org/content/sleep-edfx/1.0.0/sleep-cassette/SC4371F0-PSG.edf,sc,psg
SC4371FA-Hypnogram.edf,https://physionet.org/content/sleep-edfx/1.0.0/sleep-cassette/SC4371FA-Hypnogram.edf,sc,hypnogram
SC4372F0-PSG.edf,https://physionet.org/content/sleep-edfx/1.0.0/sleep-cassette/SC4372F0-PSG.edf,sc,psg
SC4372FC-Hypnogram.edf,https://physionet.org/content/sleep-edfx/1.0.0/sleep-cassette/SC4372FC-Hypnogram.edf,sc,hypnogram
SC4381F0-PSG.edf,https://physionet.org/content/sleep-edfx/1.0.0/sleep-cassette/SC4381F0-PSG.edf,sc,psg
SC4381FC-Hypnogram.edf,https://physionet.org/content/sleep-edfx/1.0.0/sleep-cassette/SC4381FC-Hypnogram.edf,sc,hypnogram
SC4382F0-PSG.edf,https://physionet.org/content/sleep-edfx/1.0.0/sleep-cassette/SC4382F0-PSG.edf,sc,psg
SC4382FW-Hypnogram.edf,https://physionet.org/content/sleep-edfx/1.0.0/sleep-cassette/SC4382FW-Hypnogram.edf,sc,hypnogram
SC4401E0-PSG.edf,https://physionet.org/content/sleep-edfx/1.0.0/sleep-cassette/SC4401E0-PSG.edf,sc,psg
SC4401EC-Hypnogram.edf,https://physionet.org/content/sleep-edfx/1.0.0/sleep-cassette/SC4401EC-Hypnogram.edf,sc,hypnogram
SC4402E0-PSG.edf,https://physionet.org/content/sleep-edfx/1.0.0/sleep-cassette/SC4402E0-PSG.edf,sc,psg
SC4402EW-Hypnogram.edf,https://physionet.org/content/sleep-edfx/1.0.0/sleep-cassette/SC4402EW-Hypnogram.edf,sc,hypnogram
SC4411E0-PSG.edf,https://physionet.org/content/sleep-edfx/1.0.0/sleep-cassette/SC4411E0-PSG.edf,sc,psg
SC4411EJ-Hypnogram.edf,https://physionet.org/content/sleep-edfx/1.0.0/sleep-cassette/SC4411EJ-Hypnogram.edf,sc,hypnogram
SC4412E0-PSG.edf,https://physionet.org/content/sleep-edfx/1.0.0/sleep-cassette/SC4412E0-PSG.edf,sc,psg
SC4412EM-Hypnogram.edf,https://physionet.org/content/sleep-edfx/1.0.0/sleep-cassette/SC4412EM-Hypnogram.edf,sc,hypnogram
SC4421E0-PSG.edf,https://physionet.org/content/sleep-edfx/1.0.0/sleep-cassette/SC4421E0-PSG.edf,sc,psg
SC4421EA-Hypnogram.edf,https://physionet.org/content/sleep-edfx/1.0.0/sleep-cassette/SC4421EA-Hypnogram.edf,sc,hypnogram
SC4422E0-PSG.edf,https://physionet.org/content/sleep-edfx/1.0.0/sleep-cassette/SC4422E0-PSG.edf,sc,psg
SC4422EA-Hypnogram.edf,https://physionet.org/content/sleep-edfx/1.0.0/sleep-cassette/SC4422EA-Hypnogram.edf,sc,hypnogram
SC4431E0-PSG.edf,https://physionet.org/content/sleep-edfx/1.0.0/sleep-cassette/SC4431E0-PSG.edf,sc,psg
SC4431EM-Hypnogram.edf,https://physionet.org/content/sleep-edfx/1.0.0/sleep-cassette/SC4431EM-Hypnogram.edf,sc,hypnogram
SC4432E0-PSG.edf,https://physionet.org/content/sleep-edfx/1.0.0/sleep-cassette/SC4432E0-PSG.edf,sc,psg
SC4432EM-Hypnogram.edf,https://physionet.org/content/sleep-edfx/1.0.0/sleep-cassette/SC4432EM-Hypnogram.edf,sc,hypnogram
SC4441E0-PSG.edf,https://physionet.org/content/sleep-edfx/1.0.0/sleep-cassette/SC4441E0-PSG.edf,sc,psg
SC4441EC-Hypnogram.edf,https://physionet.org/content/sleep-edfx/1.0.0/sleep-cassette/SC4441EC-Hypnogram.edf,sc,hypnogram
SC4442E0-PSG.edf,https://physionet.org/content/sleep-edfx/1.0.0/sleep-cassette/SC4442E0-PSG.edf,sc,psg
SC4442EV-Hypnogram.edf,https://physionet.org/content/sleep-edfx/1.0.0/sleep-cassette/SC4442EV-Hypnogram.edf,sc,hypnogram
SC4451F0-PSG.edf,https://physionet.org/content/sleep-edfx/1.0.0/sleep-cassette/SC4451F0-PSG.edf,sc,psg
SC4451FY-Hypnogram.edf,https://physionet.org/content/sleep-edfx/1.0.0/sleep-cassette/SC4451FY-Hypnogram.edf,sc,hypnogram
SC4452F0-PSG.edf,https://physionet.org/content/sleep-edfx/1.0.0/sleep-cassette/SC4452F0-PSG.edf,sc,psg
SC4452FW-Hypnogram.edf,https://physionet.org/content/sleep-edfx/1.0.0/sleep-cassette/SC4452FW-Hypnogram.edf,sc,hypnogram
SC4461F0-PSG.edf,https://physionet.org/content/sleep-edfx/1.0.0/sleep-cassette/SC4461F0-PSG.edf,sc,psg
SC4461FA-Hypnogram.edf,https://physionet.org/content/sleep-edfx/1.0.0/sleep-cassette/SC4461FA-Hypnogram.edf,sc,hypnogram
SC4462F0-PSG.edf,https://physionet.org/content/sleep-edfx/1.0.0/sleep-cassette/SC4462F0-PSG.edf,sc,psg
SC4462FJ-Hypnogram.edf,https://physionet.org/content/sleep-edfx/1.0.0/sleep-cassette/SC4462FJ-Hypnogram.edf,sc,hypnogram
SC4471F0-PSG.edf,https://physionet.org/content/sleep-edfx/1.0.0/sleep-cassette/SC4471F0-PSG.edf,sc,psg
SC4471FA-Hypnogram.edf,https://physionet.org/content/sleep-edfx/1.0.0/sleep-cassette/SC4471FA-Hypnogram.edf,sc,hypnogram
SC4472F0-PSG.edf,https://physionet.org/content/sleep-edfx/1.0.0/sleep-cassette/SC4472F0-PSG.edf,sc,psg
SC4472FA-Hypnogram.edf,https://physionet.org/content/sleep-edfx/1.0.0/sleep-cassette/SC4472FA-Hypnogram.edf,sc,hypnogram
SC4481F0-PSG.edf,https://physionet.org/content/sleep-edfx/1.0.0/sleep-cassette/SC4481F0-PSG.edf,sc,psg
SC4481FV-Hypnogram.edf,https://physionet.org/content/sleep-edfx/1.0.0/sleep-cassette/SC4481FV-Hypnogram.edf,sc,hypnogram
SC4482F0-PSG.edf,https://physionet.org/content/sleep-edfx/1.0.0/sleep-cassette/SC4482F0-PSG.edf,sc,psg
SC4482FJ-Hypnogram.edf,https://physionet.org/content/sleep-edfx/1.0.0/sleep-cassette/SC4482FJ-Hypnogram.edf,sc,hypnogram
SC4491G0-PSG.edf,https://physionet.org/content/sleep-edfx/1.0.0/sleep-cassette/SC4491G0-PSG.edf,sc,psg
SC4491GJ-Hypnogram.edf,https://physionet.org/content/sleep-edfx/1.0.0/sleep-cassette/SC4491GJ-Hypnogram.edf,sc,hypnogram
SC4492G0-PSG.edf,https://physionet.org/content/sleep-edfx/1.0.0/sleep-cassette/SC4492G0-PSG.edf,sc,psg
SC4492GJ-Hypnogram.edf,https://physionet.org/content/sleep-edfx/1.0.0/sleep-cassette/SC4492GJ-Hypnogram.edf,sc,hypnogram
SC4501E0-PSG.edf,https://physionet.org/content/sleep-edfx/1.0.0/sleep-cassette/SC4501E0-PSG.edf,sc,psg
SC4501EW-Hypnogram.edf,https://physionet.org/content/sleep-edfx/1.0.0/sleep-cassette/SC4501EW-Hypnogram.edf,sc,hypnogram
SC4502E0-PSG.edf,https://physionet.org/content/sleep-edfx/1.0.0/sleep-cassette/SC4502E0-PSG.edf,sc,psg
SC4502EM-Hypnogram.edf,https://physionet.org/content/sleep-edfx/1.0.0/sleep-cassette/SC4502EM-Hypnogram.edf,sc,hypnogram
SC4511E0-PSG.edf,https://physionet.org/content/sleep-edfx/1.0.0/sleep-cassette/SC4511E0-PSG.edf,sc,psg
SC4511EJ-Hypnogram.edf,https://physionet.org/content/sleep-edfx/1.0.0/sleep-cassette/SC4511EJ-Hypnogram.edf,sc,hypnogram
SC4512E0-PSG.edf,https://physionet.org/content/sleep-edfx/1.0.0/sleep-cassette/SC4512E0-PSG.edf,sc,psg
SC4512EW-Hypnogram.edf,https://physionet.org/content/sleep-edfx/1.0.0/sleep-cassette/SC4512EW-Hypnogram.edf,sc,hypnogram
SC4522E0-PSG.edf,https://physionet.org/content/sleep-edfx/1.0.0/sleep-cassette/SC4522E0-PSG.edf,sc,psg
SC4522EM-Hypnogram.edf,https://physionet.org/content/sleep-edfx/1.0.0/sleep-cassette/SC4522EM-Hypnogram.edf,sc,hypnogram
SC4531E0-PSG.edf,https://physionet.org/content/sleep-edfx/1.0.0/sleep-cassette/SC4531E0-PSG.edf,sc,psg
SC4531EM-Hypnogram.edf,https://physionet.org/content/sleep-edfx/1.0.0/sleep-cassette/SC4531EM-Hypnogram.edf,sc,hypnogram
SC4532E0-PSG.edf,https://physionet.org/content/sleep-edfx/1.0.0/sleep-cassette/SC4532E0-PSG.edf,sc,psg
SC4532EV-Hypnogram.edf,https://physionet.org/content/sleep-edfx/1.0.0/sleep-cassette/SC4532EV-Hypnogram.edf,sc,hypnogram
SC4541F0-PSG.edf,https://physionet.org/content/sleep-edfx/1.0.0/sleep-cassette/SC4541F0-PSG.edf,sc,psg
SC4541FA-Hypnogram.edf,https://physionet.org/content/sleep-edfx/1.0.0/sleep-cassette/SC4541FA-Hypnogram.edf,sc,hypnogram
SC4542F0-PSG.edf,https://physionet.org/content/sleep-edfx/1.0.0/sleep-cassette/SC4542F0-PSG.edf,sc,psg
SC4542FW-Hypnogram.edf,https://physionet.org/content/sleep-edfx/1.0.0/sleep-cassette/SC4542FW-Hypnogram.edf,sc,hypnogram
SC4551F0-PSG.edf,https://physionet.org/content/sleep-edfx/1.0.0/sleep-cassette/SC4551F0-PSG.edf,sc,psg
SC4551FC-Hypnogram.edf,https://physionet.org/content/sleep-edfx/1.0.0/sleep-cassette/SC4551FC-Hypnogram.edf,sc,hypnogram
SC4552F0-PSG.edf,https://physionet.org/content/sleep-edfx/1.0.0/sleep-cassette/SC4552F0-PSG.edf,sc,psg
SC4552FW-Hypnogram.edf,https://physionet.org/content/sleep-edfx/1.0.0/sleep-cassette/SC4552FW-Hypnogram.edf,sc,hypnogram
SC4561F0-PSG.edf,https://physionet.org/content/sleep-edfx/1.0.0/sleep-cassette/SC4561F0-PSG.edf,sc,psg
SC4561FJ-Hypnogram.edf,https://physionet.org/content/sleep-edfx/1.0.0/sleep-cassette/SC4561FJ-Hypnogram.edf,sc,hypnogram
SC4562F0-PSG.edf,https://physionet.org/content/sleep-edfx/1.0.0/sleep-cassette/SC4562F0-PSG.edf,sc,psg
SC4562FJ-Hypnogram.edf,https://physionet.org/content/sleep-edfx/1.0.0/sleep-cassette/SC4562FJ-Hypnogram.edf,sc,hypnogram
SC4571F0-PSG.edf,https://physionet.org/content/sleep-edfx/1.0.0/sleep-cassette/SC4571F0-PSG.edf,sc,psg
SC4571FV-Hypnogram.edf,https://physionet.org/content/sleep-edfx/1.0.0/sleep-cassette/SC4571FV-Hypnogram.edf,sc,hypnogram
SC4572F0-PSG.edf,https://physionet.org/content/sleep-edfx/1.0.0/sleep-cassette/SC4572F0-PSG.edf,sc,psg
SC4572FC-Hypnogram.edf,https://physionet.org/content/sleep-edfx/1.0.0/sleep-cassette/SC4572FC-Hypnogram.edf,sc,hypnogram
SC4581G0-PSG.edf,https://physionet.org/content/sleep-edfx/1.0.0/sleep-cassette/SC4581G0-PSG.edf,sc,psg
SC4581GM-Hypnogram.edf,https://physionet.org/content/sleep-edfx/1.0.0/sleep-cassette/SC4581GM-Hypnogram.edf,sc,hypnogram
SC4582G0-PSG.edf,https://physionet.org/content/sleep-edfx/1.0.0/sleep-cassette/SC4582G0-PSG.edf,sc,psg
SC4582GP-Hypnogram.edf,https://physionet.org/content/sleep-edfx/1.0.0/sleep-cassette/SC4582GP-Hypnogram.edf,sc,hypnogram
SC4591G0-PSG.edf,https://physionet.org/content/sleep-edfx/1.0.0/sleep-cassette/SC4591G0-PSG.edf,sc,psg
SC4591GY-Hypnogram.edf,https://physionet.org/content/sleep-edfx/1.0.0/sleep-cassette/SC4591GY-Hypnogram.edf,sc,hypnogram
SC4592G0-PSG.edf,https://physionet.org/content/sleep-edfx/1.0.0/sleep-cassette/SC4592G0-PSG.edf,sc,psg
SC4592GY-Hypnogram.edf,https://physionet.org/content/sleep-edfx/1.0.0/sleep-cassette/SC4592GY-Hypnogram.edf,sc,hypnogram
SC4601E0-PSG.edf,https://physionet.org/content/sleep-edfx/1.0.0/sleep-cassette/SC4601E0-PSG.edf,sc,psg
SC4601EC-Hypnogram.edf,https://physionet.org/content/sleep-edfx/1.0.0/sleep-cassette/SC4601EC-Hypnogram.edf,sc,hypnogram
SC4602E0-PSG.edf,https://physionet.org/content/sleep-edfx/1.0.0/sleep-cassette/SC4602E0-PSG.edf,sc,psg
SC4602EJ-Hypnogram.edf,https://physionet.org/content/sleep-edfx/1.0.0/sleep-cassette/SC4602EJ-Hypnogram.edf,sc,hypnogram
SC4611E0-PSG.edf,https://physionet.org/content/sleep-edfx/1.0.0/sleep-cassette/SC4611E0-PSG.edf,sc,psg
SC4611EG-Hypnogram.edf,https://physionet.org/content/sleep-edfx/1.0.0/sleep-cassette/SC4611EG-Hypnogram.edf,sc,hypnogram
SC4612E0-PSG.edf,https://physionet.org/content/sleep-edfx/1.0.0/sleep-cassette/SC4612E0-PSG.edf,sc,psg
SC4612EA-Hypnogram.edf,https://physionet.org/content/sleep-edfx/1.0.0/sleep-cassette/SC4612EA-Hypnogram.edf,sc,hypnogram
SC4621E0-PSG.edf,https://physionet.org/content/sleep-edfx/1.0.0/sleep-cassette/SC4621E0-PSG.edf,sc,psg
SC4621EV-Hypnogram.edf,https://physionet.org/content/sleep-edfx/1.0.0/sleep-cassette/SC4621EV-Hypnogram.edf,sc,hypnogram
SC4622E0-PSG.edf,https://physionet.org/content/sleep-edfx/1.0.0/sleep-cassette/SC4622E0-PSG.edf,sc,psg
SC4622EJ-Hypnogram.edf,https://physionet.org/content/sleep-edfx/1.0.0/sleep-cassette/SC4622EJ-Hypnogram.edf,sc,hypnogram
SC4631E0-PSG.edf,https://physionet.org/content/sleep-edfx/1.0.0/sleep-cassette/SC4631E0-PSG.edf,sc,psg
SC4631EM-Hypnogram.edf,https://physionet.org/content/sleep-edfx/1.0.0/sleep-cassette/SC4631EM-Hypnogram.edf,sc,hypnogram
SC4632E0-PSG.edf,https://physionet.org/content/sleep-edfx/1.0.0/sleep-cassette/SC4632E0-PSG.edf,sc,psg
SC4632EA-Hypnogram.edf,https://physionet.org/content/sleep-edfx/1.0.0/sleep-cassette/SC4632EA-Hypnogram.edf,sc,hypnogram
SC4641E0-PSG.edf,https://physionet.org/content/sleep-edfx/1.0.0/sleep-cassette/SC4641E0-PSG.edf,sc,psg
SC4641EP-Hypnogram.edf,https://physionet.org/content/sleep-edfx/1.0.0/sleep-cassette/SC4641EP-Hypnogram.edf,sc,hypnogram
SC4642E0-PSG.edf,https://physionet.org/content/sleep-edfx/1.0.0/sleep-cassette/SC4642E0-PSG.edf,sc,psg
SC4642EP-Hypnogram.edf,https://physionet.org/content/sleep-edfx/1.0.0/sleep-cassette/SC4642EP-Hypnogram.edf,sc,hypnogram
SC4651E0-PSG.edf,https://physionet.org/content/sleep-edfx/1.0.0/sleep-cassette/SC4651E0-PSG.edf,sc,psg
SC4651EP-Hypnogram.edf,https://physionet.org/content/sleep-edfx/1.0.0/sleep-cassette/SC4651EP-Hypnogram.edf,sc,hypnogram
SC4652E0-PSG.edf,https://physionet.org/content/sleep-edfx/1.0.0/sleep-cassette/SC4652E0-PSG.edf,sc,psg
SC4652EG-Hypnogram.edf,https://physionet.org/content/sleep-edfx/1.0.0/sleep-cassette/SC4652EG-Hypnogram.edf,sc,hypnogram
SC4661E0-PSG.edf,https://physionet.org/content/sleep-edfx/1.0.0/sleep-cassette/SC4661E0-PSG.edf,sc,psg
SC4661EJ-Hypnogram.edf,https://physionet.org/content/sleep-edfx/1.0.0/sleep-cassette/SC4661EJ-Hypnogram.edf,sc,hypnogram
SC4662E0-PSG.edf,https://physionet.org/content/sleep-edfx/1.0.0/sleep-cassette/SC4662E0-PSG.edf,sc,psg
SC4662EJ-Hypnogram.edf,https://physionet.org/content/sleep-edfx/1.0.0/sleep-cassette/SC4662EJ-Hypnogram.edf,sc,hypnogram
SC4671G0-PSG.edf,https://physionet.org/content/sleep-edfx/1.0.0/sleep-cassette/SC4671G0-PSG.edf,sc,psg
SC4671GJ-Hypnogram.edf,https://physionet.org/content/sleep-edfx/1.0.0/sleep-cassette/SC4671GJ-Hypnogram.edf,sc,hypnogram
SC4672G0-PSG.edf,https://physionet.org/content/sleep-edfx/1.0.0/sleep-cassette/SC4672G0-PSG.edf,sc,psg
SC4672GV-Hypnogram.edf,https://physionet.org/content/sleep-edfx/1.0.0/sleep-cassette/SC4672GV-Hypnogram.edf,sc,hypnogram
SC4701E0-PSG.edf,https://physionet.org/content/sleep-edfx/1.0.0/sleep-cassette/SC4701E0-PSG.edf,sc,psg
SC4701EC-Hypnogram.edf,https://physionet.org/content/sleep-edfx/1.0.0/sleep-cassette/SC4701EC-Hypnogram.edf,sc,hypnogram
SC4702E0-PSG.edf,https://physionet.org/content/sleep-edfx/1.0.0/sleep-cassette/SC4702E0-PSG.edf,sc,psg
SC4702EA-Hypnogram.edf,https://physionet.org/content/sleep-edfx/1.0.0/sleep-cassette/SC4702EA-Hypnogram.edf,sc,hypnogram
SC4711E0-PSG.edf,https://physionet.org/content/sleep-edfx/1.0.0/sleep-cassette/SC4711E0-PSG.edf,sc,psg
SC4711EC-Hypnogram.edf,https://physionet.org/content/sleep-edfx/1.0.0/sleep-cassette/SC4711EC-Hypnogram.edf,sc,hypnogram
SC4712E0-PSG.edf,https://physionet.org/content/sleep-edfx/1.0.0/sleep-cassette/SC4712E0-PSG.edf,sc,psg
SC4712EA-Hypnogram.edf,https://physionet.org/content/sleep-edfx/1.0.0/sleep-cassette/SC4712EA-Hypnogram.edf,sc,hypnogram
SC4721E0-PSG.edf,https://physionet.org/content/sleep-edfx/1.0.0/sleep-cassette/SC4721E0-PSG.edf,sc,psg
SC4721EC-Hypnogram.edf,https://physionet.org/content/sleep-edfx/1.0.0/sleep-cassette/SC4721EC-Hypnogram.edf,sc,hypnogram
SC4722E0-PSG.edf,https://physionet.org/content/sleep-edfx/1.0.0/sleep-cassette/SC4722E0-PSG.edf,sc,psg
SC4722EM-Hypnogram.edf,https://physionet.org/content/sleep-edfx/1.0.0/sleep-cassette/SC4722EM-Hypnogram.edf,sc,hypnogram
SC4731E0-PSG.edf,https://physionet.org/content/sleep-edfx/1.0.0/sleep-cassette/SC4731E0-PSG.edf,sc,psg
SC4731EM-Hypnogram.edf,https://physionet.org/content/sleep-edfx/1.0.0/sleep-cassette/SC4731EM-Hypnogram.edf,sc,hypnogram
SC4732E0-PSG.edf,https://physionet.org/content/sleep-edfx/1.0.0/sleep-cassette/SC4732E0-PSG.edf,sc,psg
SC4732EJ-Hypnogram.edf,https://physionet.org/content/sleep-edfx/1.0.0/sleep-cassette/SC4732EJ-Hypnogram.edf,sc,hypnogram
SC4741E0-PSG.edf,https://physionet.org/content/sleep-edfx/1.0.0/sleep-cassette/SC4741E0-PSG.edf,sc,psg
SC4741EA-Hypnogram.edf,https://physionet.org/content/sleep-edfx/1.0.0/sleep-cassette/SC4741EA-Hypnogram.edf,sc,hypnogram
SC4742E0-PSG.edf,https://physionet.org/content/sleep-edfx/1.0.0/sleep-cassette/SC4742E0-PSG.edf,sc,psg
SC4742EC-Hypnogram.edf,https://physionet.org/content/sleep-edfx/1.0.0/sleep-cassette/SC4742EC-Hypnogram.edf,sc,hypnogram
SC4751E0-PSG.edf,https://physionet.org/content/sleep-edfx/1.0.0/sleep-cassette/SC4751E0-PSG.edf,sc,psg
SC4751EC-Hypnogram.edf,https://physionet.org/content/sleep-edfx/1.0.0/sleep-cassette/SC4751EC-Hypnogram.edf,sc,hypnogram
SC4752E0-PSG.edf,https://physionet.org/content/sleep-edfx/1.0.0/sleep-cassette/SC4752E0-PSG.edf,sc,psg
SC4752EM-Hypnogram.edf,https://physionet.org/content/sleep-edfx/1.0.0/sleep-cassette/SC4752EM-Hypnogram.edf,sc,hypnogram
SC4761E0-PSG.edf,https://physionet.org/content/sleep-edfx/1.0.0/sleep-cassette/SC4761E0-PSG.edf,sc,psg
SC4761EP-Hypnogram.edf,https://physionet.org/content/sleep-edfx/1.0.0/sleep-cassette/SC4761EP-Hypnogram.edf,sc,hypnogram
SC4762E0-PSG.edf,https://physionet.org/content/sleep-edfx/1.0.0/sleep-cassette/SC4762E0-PSG.edf,sc,psg
SC4762EG-Hypnogram.edf,https://physionet.org/content/sleep-edfx/1.0.0/sleep-cassette/SC4762EG-Hypnogram.edf,sc,hypnogram
SC4771G0-PSG.edf,https://physionet.org/content/sleep-edfx/1.0.0/sleep-cassette/SC4771G0-PSG.edf,sc,psg
SC4771GC-Hypnogram.edf,https://physionet.org/content/sleep-edfx/1.0.0/sleep-cassette/SC4771GC-Hypnogram.edf,sc,hypnogram
SC4772G0-PSG.edf,https://physionet.org/content/sleep-edfx/1.0.0/sleep-cassette/SC4772G0-PSG.edf,sc,psg
SC4772GC-Hypnogram.edf,https://physionet.org/content/sleep-edfx/1.0.0/sleep-cassette/SC4772GC-Hypnogram.edf,sc,hypnogram
SC4801G0-PSG.edf,https://physionet.org/content/sleep-edfx/1.0.0/sleep-cassette/SC4801G0-PSG.edf,sc,psg
SC4801GC-Hypnogram.edf,https://physionet.org/content/sleep-edfx/1.0.0/sleep-cassette/SC4801GC-Hypnogram.edf,sc,hypnogram
SC4802G0-PSG.edf,https://physionet.org/content/sleep-edfx/1.0.0/sleep-cassette/SC4802G0-PSG.edf,sc,psg
SC4802GV-Hypnogram.edf,https://physionet.org/content/sleep-edfx/1.0.0/sleep-cassette/SC4802GV-Hypnogram.edf,sc,hypnogram
SC4811G0-PSG.edf,https://physionet.org/content/sleep-edfx/1.0.0/sleep-cassette/SC4811G0-PSG.edf,sc,psg
SC4811GG-Hypnogram.edf,https://physionet.org/content/sleep-edfx/1.0.0/sleep-cassette/SC4811GG-Hypnogram.edf,sc,hypnogram
SC4812G0-PSG.edf,https://physionet.org/content/sleep-edfx/1.0.0/sleep-cassette/SC4812G0-PSG.edf,sc,psg
SC4812GV-Hypnogram.edf,https://physionet.org/content/sleep-edfx/1.0.0/sleep-cassette/SC4812GV-Hypnogram.edf,sc,hypnogram
SC4821G0-PSG.edf,https://physionet.org/content/sleep-edfx/1.0.0/sleep-cassette/SC4821G0-PSG.edf,sc,psg
SC4821GC-Hypnogram.edf,https://physionet.org/content/sleep-edfx/1.0.0/sleep-cassette/SC4821GC-Hypnogram.edf,sc,hypnogram
SC4822G0-PSG.edf,https://physionet.org/content/sleep-edfx/1.0.0/sleep-cassette/SC4822G0-PSG.edf,sc,psg
SC4822GC-Hypnogram.edf,https://physionet.org/content/sleep-edfx/1.0.0/sleep-cassette/SC4822GC-Hypnogram.edf,sc,hypnogram
ST7011J0-PSG.edf,https://physionet.org/content/sleep-edfx/1.0.0/sleep-telemetry/ST7011J0-PSG.edf,st,psg
ST7011JP-Hypnogram.edf,https://physionet.org/content/sleep-edfx/1.0.0/sleep-telemetry/ST7011JP-Hypnogram.edf,st,hypnogram
ST7012J0-PSG.edf,https://physionet.org/content/sleep-edfx/1.0.0/sleep-telemetry/ST7012J0-PSG.edf,st,psg
ST7012JP-Hypnogram.edf,https://physionet.org/content/sleep-edfx/1.0.0/sleep-telemetry/ST7012JP-Hypnogram.edf,st,hypnogram
ST7021J0-PSG.edf,https://physionet.org/content/sleep-edfx/1.0.0/sleep-telemetry/ST7021J0-PSG.edf,st,psg
ST7021JM-Hypnogram.edf,https://physionet.org/content/sleep-edfx/1.0.0/sleep-telemetry/ST7021JM-Hypnogram.edf,st,hypnogram
ST7022J0-PSG.edf,https://physionet.org/content/sleep-edfx/1.0.0/sleep-telemetry/ST7022J0-PSG.edf,st,psg
ST7022JM-Hypnogram.edf,https://physionet.org/content/sleep-edfx/1.0.0/sleep-telemetry/ST7022JM-Hypnogram.edf,st,hypnogram
ST7041J0-PSG.edf,https://physionet.org/content/sleep-edfx/1.0.0/sleep-telemetry/ST7041J0-PSG.edf,st,psg
ST7041JO-Hypnogram.edf,https://physionet.org/content/sleep-edfx/1.0.0/sleep-telemetry/ST7041JO-Hypnogram.edf,st,hypnogram
ST7042J0-PSG.edf,https://physionet.org/content/sleep-edfx/1.0.0/sleep-telemetry/ST7042J0-PSG.edf,st,psg
ST7042JO-Hypnogram.edf,https://physionet.org/content/sleep-edfx/1.0.0/sleep-telemetry/ST7042JO-Hypnogram.edf,st,hypnogram
ST7051J0-PSG.edf,https://physionet.org/content/sleep-edfx/1.0.0/sleep-telemetry/ST7051J0-PSG.edf,st,psg
ST7051JA-Hypnogram.edf,https://physionet.org/content/sleep-edfx/1.0.0/sleep-telemetry/ST7051JA-Hypnogram.edf,st,hypnogram
ST7052J0-PSG.edf,https://physionet.org/content/sleep-edfx/1.0.0/sleep-telemetry/ST7052J0-PSG.edf,st,psg
ST7052JA-Hypnogram.edf,https://physionet.org/content/sleep-edfx/1.0.0/sleep-telemetry/ST7052JA-Hypnogram.edf,st,hypnogram
ST7061J0-PSG.edf,https://physionet.org/content/sleep-edfx/1.0.0/sleep-telemetry/ST7061J0-PSG.edf,st,psg
ST7061JR-Hypnogram.edf,https://physionet.org/content/sleep-edfx/1.0.0/sleep-telemetry/ST7061JR-Hypnogram.edf,st,hypnogram
ST7062J0-PSG.edf,https://physionet.org/content/sleep-edfx/1.0.0/sleep-telemetry/ST7062J0-PSG.edf,st,psg
ST7062JR-Hypnogram.edf,https://physionet.org/content/sleep-edfx/1.0.0/sleep-telemetry/ST7062JR-Hypnogram.edf,st,hypnogram
ST7071J0-PSG.edf,https://physionet.org/content/sleep-edfx/1.0.0/sleep-telemetry/ST7071J0-PSG.edf,st,psg
ST7071JA-Hypnogram.edf,https://physionet.org/content/sleep-edfx/1.0.0/sleep-telemetry/ST7071JA-Hypnogram.edf,st,hypnogram
ST7072J0-PSG.edf,https://physionet.org/content/sleep-edfx/1.0.0/sleep-telemetry/ST7072J0-PSG.edf,st,psg
ST7072JA-Hypnogram.edf,https://physionet.org/content/sleep-edfx/1.0.0/sleep-telemetry/ST7072JA-Hypnogram.edf,st,hypnogram
ST7081J0-PSG.edf,https://physionet.org/content/sleep-edfx/1.0.0/sleep-telemetry/ST7081J0-PSG.edf,st,psg
ST7081JW-Hypnogram.edf,https://physionet.org/content/sleep-edfx/1.0.0/sleep-telemetry/ST7081JW-Hypnogram.edf,st,hypnogram
ST7082J0-PSG.edf,https://physionet.org/content/sleep-edfx/1.0.0/sleep-telemetry/ST7082J0-PSG.edf,st,psg
ST7082JW-Hypnogram.edf,https://physionet.org/content/sleep-edfx/1.0.0/sleep-telemetry/ST7082JW-Hypnogram.edf,st,hypnogram
ST7091J0-PSG.edf,https://physionet.org/content/sleep-edfx/1.0.0/sleep-telemetry/ST7091J0-PSG.edf,st,psg
ST7091JE-Hypnogram.edf,https://physionet.org/content/sleep-edfx/1.0.0/sleep-telemetry/ST7091JE-Hypnogram.edf,st,hypnogram
ST7092J0-PSG.edf,https://physionet.org/content/sleep-edfx/1.0.0/sleep-telemetry/ST7092J0-PSG.edf,st,psg
ST7092JE-Hypnogram.edf,https://physionet.org/content/sleep-edfx/1.0.0/sleep-telemetry/ST7092JE-Hypnogram.edf,st,hypnogram
ST7101J0-PSG.edf,https://physionet.org/content/sleep-edfx/1.0.0/sleep-telemetry/ST7101J0-PSG.edf,st,psg
ST7101JE-Hypnogram.edf,https://physionet.org/content/sleep-edfx/1.0.0/sleep-telemetry/ST7101JE-Hypnogram.edf,st,hypnogram
ST7102J0-PSG.edf,https://physionet.org/content/sleep-edfx/1.0.0/sleep-telemetry/ST7102J0-PSG.edf,st,psg
ST7102JE-Hypnogram.edf,https://physionet.org/content/sleep-edfx/1.0.0/sleep-telemetry/ST7102JE-Hypnogram.edf,st,hypnogram
ST7111J0-PSG.edf,https://physionet.org/content/sleep-edfx/1.0.0/sleep-telemetry/ST7111J0-PSG.edf,st,psg
ST7111JE-Hypnogram.edf,https://physionet.org/content/sleep-edfx/1.0.0/sleep-telemetry/ST7111JE-Hypnogram.edf,st,hypnogram
ST7112J0-PSG.edf,https://physionet.org/content/sleep-edfx/1.0.0/sleep-telemetry/ST7112J0-PSG.edf,st,psg
ST7112JE-Hypnogram.edf,https://physionet.org/content/sleep-edfx/1.0.0/sleep-telemetry/ST7112JE-Hypnogram.edf,st,hypnogram
ST7121J0-PSG.edf,https://physionet.org/content/sleep-edfx/1.0.0/sleep-telemetry/ST7121J0-PSG.edf,st,psg
ST7121JE-Hypnogram.edf,https://physionet.org/content/sleep-edfx/1.0.0/sleep-telemetry/ST7121JE-Hypnogram.edf,st,hypnogram
ST7122J0-PSG.edf,https://physionet.org/content/sleep-edfx/1.0.0/sleep-telemetry/ST7122J0-PSG.edf,st,psg
ST7122JE-Hypnogram.edf,https://physionet.org/content/sleep-edfx/1.0.0/sleep-telemetry/ST7122JE-Hypnogram.edf,st,hypnogram
ST7131J0-PSG.edf,https://physionet.org/content/sleep-edfx/1.0.0/sleep-telemetry/ST7131J0-PSG.edf,st,psg
ST7131JR-Hypnogram.edf,https://physionet.org/content/sleep-edfx/1.0.0/sleep-telemetry/ST7131JR-Hypnogram.edf,st,hypnogram
ST7132J0-PSG.edf,https://physionet.org/content/sleep-edfx/1.0.0/sleep-telemetry/ST7132J0-PSG.edf,st,psg
ST7132JR-Hypnogram.edf,https://physionet.org/content/sleep-edfx/1.0.0/sleep-telemetry/ST7132JR-Hypnogram.edf,st,hypnogram
ST7141J0-PSG.edf,https://physionet.org/content/sleep-edfx/1.0.0/sleep-telemetry/ST7141J0-PSG.edf,st,psg
ST7141JE-Hypnogram.edf,https://physionet.org/content/sleep-edfx/1.0.0/sleep-telemetry/ST7141JE-Hypnogram.edf,st,hypnogram
ST7142J0-PSG.edf,https://physionet.org/content/sleep-edfx/1.0.0/sleep-telemetry/ST7142J0-PSG.edf,st,psg
ST7142JE-Hypnogram.edf,https://physionet.org/content/sleep-edfx/1.0.0/sleep-telemetry/ST7142JE-Hypnogram.edf,st,hypnogram
ST7151J0-PSG.edf,https://physionet.org/content/sleep-edfx/1.0.0/sleep-telemetry/ST7151J0-PSG.edf,st,psg
ST7151JA-Hypnogram.edf,https://physionet.org/content/sleep-edfx/1.0.0/sleep-telemetry/ST7151JA-Hypnogram.edf,st,hypnogram
ST7152J0-PSG.edf,https://physionet.org/content/sleep-edfx/1.0.0/sleep-telemetry/ST7152J0-PSG.edf,st,psg
ST7152JA-Hypnogram.edf,https://physionet.org/content/sleep-edfx/1.0.0/sleep-telemetry/ST7152JA-Hypnogram.edf,st,hypnogram
ST7161J0-PSG.edf,https://physionet.org/content/sleep-edfx/1.0.0/sleep-telemetry/ST7161J0-PSG.edf,st,psg
ST7161JM-Hypnogram.edf,https://physionet.org/content/sleep-edfx/1.0.0/sleep-telemetry/ST7161JM-Hypnogram.edf,st,hypnogram
ST7162J0-PSG.edf,https://physionet.org/content/sleep-edfx/1.0.0/sleep-telemetry/ST7162J0-PSG.edf,st,psg
ST7162JM-Hypnogram.edf,https://physionet.org/content/sleep-edfx/1.0.0/sleep-telemetry/ST7162JM-Hypnogram.edf,st,hypnogram
ST7171J0-PSG.edf,https://physionet.org/content/sleep-edfx/1.0.0/sleep-telemetry/ST7171J0-PSG.edf,st,psg
ST7171JA-Hypnogram.edf,https://physionet.org/content/sleep-edfx/1.0.0/sleep-telemetry/ST7171JA-Hypnogram.edf,st,hypnogram
ST7172J0-PSG.edf,https://physionet.org/content/sleep-edfx/1.0.0/sleep-telemetry/ST7172J0-PSG.edf,st,psg
ST7172JA-Hypnogram.edf,https://physionet.org/content/sleep-edfx/1.0.0/sleep-telemetry/ST7172JA-Hypnogram.edf,st,hypnogram
ST7181J0-PSG.edf,https://physionet.org/content/sleep-edfx/1.0.0/sleep-telemetry/ST7181J0-PSG.edf,st,psg
ST7181JR-Hypnogram.edf,https://physionet.org/content/sleep-edfx/1.0.0/sleep-telemetry/ST7181JR-Hypnogram.edf,st,hypnogram
ST7182J0-PSG.edf,https://physionet.org/content/sleep-edfx/1.0.0/sleep-telemetry/ST7182J0-PSG.edf,st,psg
ST7182JR-Hypnogram.edf,https://physionet.org/content/sleep-edfx/1.0.0/sleep-telemetry/ST7182JR-Hypnogram.edf,st,hypnogram
ST7191J0-PSG.edf,https://physionet.org/content/sleep-edfx/1.0.0/sleep-telemetry/ST7191J0-PSG.edf,st,psg
ST7191JR-Hypnogram.edf,https://physionet.org/content/sleep-edfx/1.0.0/sleep-telemetry/ST7191JR-Hypnogram.edf,st,hypnogram
ST7192J0-PSG.edf,https://physionet.org/content/sleep-edfx/1.0.0/sleep-telemetry/ST7192J0-PSG.edf,st,psg
ST7192JR-Hypnogram.edf,https://physionet.org/content/sleep-edfx/1.0.0/sleep-telemetry/ST7192JR-Hypnogram.edf,st,hypnogram
ST7201J0-PSG.edf,https://physionet.org/content/sleep-edfx/1.0.0/sleep-telemetry/ST7201J0-PSG.edf,st,psg
ST7201JO-Hypnogram.edf,https://physionet.org/content/sleep-edfx/1.0.0/sleep-telemetry/ST7201JO-Hypnogram.edf,st,hypnogram
ST7202J0-PSG.edf,https://physionet.org/content/sleep-edfx/1.0.0/sleep-telemetry/ST7202J0-PSG.edf,st,psg
ST7202JO-Hypnogram.edf,https://physionet.org/content/sleep-edfx/1.0.0/sleep-telemetry/ST7202JO-Hypnogram.edf,st,hypnogram
ST7211J0-PSG.edf,https://physionet.org/content/sleep-edfx/1.0.0/sleep-telemetry/ST7211J0-PSG.edf,st,psg
ST7211JJ-Hypnogram.edf,https://physionet.org/content/sleep-edfx/1.0.0/sleep-telemetry/ST7211JJ-Hypnogram.edf,st,hypnogram
ST7212J0-PSG.edf,https://physionet.org/content/sleep-edfx/1.0.0/sleep-telemetry/ST7212J0-PSG.edf,st,psg
ST7212JJ-Hypnogram.edf,https://physionet.org/content/sleep-edfx/1.0.0/sleep-telemetry/ST7212JJ-Hypnogram.edf,st,hypnogram
ST7221J0-PSG.edf,https://physionet.org/content/sleep-edfx/1.0.0/sleep-telemetry/ST7221J0-PSG.edf,st,psg
ST7221JA-Hypnogram.edf,https://physionet.org/content/sleep-edfx/1.0.0/sleep-telemetry/ST7221JA-Hypnogram.edf,st,hypnogram
ST7222J0-PSG.edf,https://physionet.org/content/sleep-edfx/1.0.0/sleep-telemetry/ST7222J0-PSG.edf,st,psg
ST7222JA-Hypnogram.edf,https://physionet.org/content/sleep-edfx/1.0.0/sleep-telemetry/ST7222JA-Hypnogram.edf,st,hypnogram
ST7241J0-PSG.edf,https://physionet.org/content/sleep-edfx/1.0.0/sleep-telemetry/ST7241J0-PSG.edf,st,psg
ST7241JO-Hypnogram.edf,https://physionet.org/content/sleep-edfx/1.0.0/sleep-telemetry/ST7241JO-Hypnogram.edf,st,hypnogram
ST7242J0-PSG.edf,https://physionet.org/content/sleep-edfx/1.0.0/sleep-telemetry/ST7242J0-PSG.edf,st,psg
ST7242JO-Hypnogram.edf,https://physionet.org/content/sleep-edfx/1.0.0/sleep-telemetry/ST7242JO-Hypnogram.edf,st,hypnogram
